"embodiment_id","category_cn","typical_tasks_cn","commercial_stage_cn","core_constraints_cn","primary_metrics_cn"
"M01","固定工业机器人","焊接 搬运 喷涂 上下料 装配","规模商业化","制造业资本开支 换线柔性","安装量 订单 毛利 产能利用率"
"M02","协作机器人","机床上下料 装配 检测 人机协作","规模商业化并继续渗透","安全 易部署 渠道 回收期","部署时间 客户复购 单机价格"
"M03","AMR和AGV","仓内搬运 拣选 补货 产线配送","规模商业化","调度 场地改造 可靠性","运行台数 利用率 停机时间"
"M04","移动操作机器人","移动抓取 巡检 操作 物料处理","付费试点到小批量","导航与精细操作协同","任务成功率 接管率 集成时间"
"M05","人形机器人","通用搬运 装配 工具使用 人类空间作业","原型到小批量分化","成本 续航 灵巧手 安全 维护","付费交付 运行小时 复购 毛利"
"M06","自动驾驶车辆","Robotaxi 干线货运 园区运输 矿区运输","试点到规模运营分化","监管 长尾场景 责任 单位经济性","无安全员里程 利用率 事故率"
"M07","无人机和eVTOL","巡检 测绘 物流 国防 载人","专业场景成熟 载人仍早期","空域 续航 载荷 认证","飞行小时 任务收入 获证 现金消耗"
"M08","农业机器人","自动驾驶 喷洒 除草 采收","大田先行 精细作业较早期","非结构环境 季节性 渠道","作业面积 节省成本 回收期"
"M09","工程和矿山机器人","运输 挖掘 钻采 远程高危作业","封闭场景商业化","极端环境 停机成本 安全","无人运行小时 单位产出 停机率"
"M10","医疗和生命科学机器人","手术 康复 介入 实验室自动化","手术和实验室已形成闭环","临床证据 监管 医生学习曲线","装机 手术量 耗材 服务收入"
"M11","家庭和消费机器人","清洁 陪护 整理 家务服务","单任务成熟 通用任务早期","成本 可靠性 隐私 售后","活跃设备 留存 售后成本"
"M12","海洋太空和国防机器人","水下作业 卫星服务 无人系统","专业订单市场","认证 预算周期 保密 地缘风险","在手订单 任务成功率 项目现金流"
