"node_id","parent_id","layer_cn","subsector_cn","scope_cn","key_metrics"
"L0","","数据与训练基础设施","数据获取","遥操作 示教 动作捕捉 穿戴式采集","有效轨迹数 每轨迹成本 示范效率"
"L0.1","L0","数据与训练基础设施","真实世界数据","视频 状态 动作 力觉 触觉 故障数据","任务覆盖 失败样本占比 数据权利"
"L0.2","L0","数据与训练基础设施","数据工程","清洗 标注 回放 版本管理 隐私","标注成本 数据利用率 迭代周期"
"L0.3","L0","数据与训练基础设施","评测与基准","任务集 故障集 安全集 跨本体评测","成功率 接管率 恢复率 覆盖率"
"L1","","仿真与数字世界","工业数字孪生","CAD PLM 工厂和产线数字孪生","续费率 工程师数 部署周期"
"L1.1","L1","仿真与数字世界","机器人仿真","动力学 碰撞 柔体 传感器噪声","sim-to-real 差距 仿真速度"
"L1.2","L1","仿真与数字世界","世界模型","场景生成 轨迹预测 动作条件生成","物理一致性 闭环成功率"
"L1.3","L1","仿真与数字世界","合成数据","神经重建 域随机化 边缘场景生成","单位数据成本 有效样本比例"
"L1.4","L1","仿真与数字世界","闭环验证","软件在环 硬件在环 安全验证","测试覆盖 缺陷发现率"
"L2","","模型与机器人软件","视觉语言动作模型","VLA 从视觉和指令生成动作","任务成功率 泛化 接管率"
"L2.1","L2","模型与机器人软件","具身推理","空间理解 任务规划 成功判定","规划正确率 长任务完成率"
"L2.2","L2","模型与机器人软件","动作策略","导航 抓取 双臂 工具使用","连续成功任务数 恢复率"
"L2.3","L2","模型与机器人软件","机器人中间件","ROS2 通信 技能库 硬件抽象","生态规模 适配时间"
"L2.4","L2","模型与机器人软件","部署软件","模型压缩 OTA MLOps 车队分发","推理时延 升级成功率"
"L2.5","L2","模型与机器人软件","安全软件","异常检测 安全约束 网络安全","误报 漏报 事故率"
"L3","","云端基础设施","训练算力","GPU 加速器 服务器 互连","训练消耗 利用率 客户收入"
"L3.1","L3","云端基础设施","网络与存储","高速网络 数据湖 机器人数据存储","吞吐 成本 数据增长"
"L3.2","L3","云端基础设施","机器人数据工厂","采集 清洗 训练 评测 发布流水线","迭代周期 自动化率"
"L4","","边缘计算与电子","边缘 AI SoC","CPU GPU NPU 异构计算","TOPS每瓦 时延 客户定点"
"L4.1","L4","边缘计算与电子","实时控制芯片","MCU DSP FPGA 安全岛","控制周期 抖动 功能安全"
"L4.2","L4","边缘计算与电子","机器人控制器","域控制器 嵌入式模组 远程IO","接口数量 量产客户 ASP"
"L4.3","L4","边缘计算与电子","确定性连接","EtherCAT TSN CAN-FD 时间同步","周期 抖动 节点规模"
"L5","","感知与状态估计","机器视觉","工业相机 RGB 镜头 视觉软件","单机数量 ASP 毛利 份额"
"L5.1","L5","感知与状态估计","三维视觉","ToF 结构光 双目 深度相机","精度 量程 定点 降价"
"L5.2","L5","感知与状态估计","激光雷达","机械 固态 FMCW 激光雷达","ASP 量产份额 客户集中"
"L5.3","L5","感知与状态估计","雷达与超声","毫米波 超声波 接近传感","单机价值 认证 份额"
"L5.4","L5","感知与状态估计","惯性与定位","IMU GNSS 里程计 定位","漂移 精度 功耗"
"L5.5","L5","感知与状态估计","位置反馈","编码器 旋变 霍尔 位置传感","精度 寿命 单关节价值"
"L5.6","L5","感知与状态估计","力觉与触觉","六维力矩 关节力矩 电子皮肤 触觉","灵敏度 寿命 标配率"
"L5.7","L5","感知与状态估计","传感融合与标定","时间同步 外参标定 状态估计","标定时间 漂移 鲁棒性"
"L6","","控制驱动与安全","工业控制","PLC PAC CNC 运动控制器","控制轴数 份额 软件附加率"
"L6.1","L6","控制驱动与安全","伺服驱动","伺服 变频 电机驱动","响应 带宽 ASP 毛利"
"L6.2","L6","控制驱动与安全","功能安全","安全PLC 安全继电器 急停 冗余","安全等级 认证周期"
"L6.3","L6","控制驱动与安全","制动与保护","电磁制动 机械限位 碰撞保护","响应时间 寿命"
"L6.4","L6","控制驱动与安全","工业网络","EtherCAT TSN 工业以太网","节点数 协议生态"
"L6.5","L6","控制驱动与安全","网络安全","身份 日志 隔离 安全升级","漏洞 响应时间 覆盖率"
"L7","","执行器与传动","旋转电机","伺服 无框力矩 空心杯 步进电机","功率密度 效率 定点"
"L7.1","L7","执行器与传动","精密减速器","谐波 RV 行星 精密齿轮","精度 寿命 良率 单价"
"L7.2","L7","执行器与传动","线性执行","滚珠丝杠 行星滚柱丝杠 直线电机","负载 寿命 良率"
"L7.3","L7","执行器与传动","液压执行","泵 阀 缸 电液执行","功率密度 泄漏 寿命"
"L7.4","L7","执行器与传动","气动执行","气缸 阀岛 真空 软体执行","成本 速度 维护"
"L7.5","L7","执行器与传动","末端执行器","夹爪 吸盘 焊枪 工具快换","工具生态 换型时间"
"L7.6","L7","执行器与传动","灵巧手","手指执行 触觉 驱动 腱绳","自由度 负载 寿命 成本"
"L8","","结构材料与连接","轴承和导向","轴承 交叉滚子 导轨 支撑","寿命 精度 单机用量"
"L8.1","L8","结构材料与连接","结构与轻量化","铝镁 碳纤维 工程塑料 机架","重量 刚度 材料成本"
"L8.2","L8","结构材料与连接","连接与布线","连接器 线束 滑环 拖链 柔性电缆","弯折寿命 认证 单机价值"
"L8.3","L8","结构材料与连接","密封与润滑","密封件 润滑材料 防护","维护周期 故障率"
"L9","","能源电源与热管理","电池系统","电芯 模组 电池包 BMS","能量密度 循环 续航"
"L9.1","L9","能源电源与热管理","功率电子","功率半导体 逆变 DC-DC 配电","效率 功率密度 ASP"
"L9.2","L9","能源电源与热管理","充电与换电","有线 无线 快充 自动换电","周转时间 利用率"
"L9.3","L9","能源电源与热管理","热管理","液冷 风冷 TIM 温控部件","热阻 降频 能耗"
"L10","","制造测试与认证","精密制造装备","机床 磨削 齿轮 绕线 压铸 注塑","节拍 良率 利用率"
"L10.1","L10","制造测试与认证","计量与检测","三坐标 视觉检测 动平衡 无损检测","精度 覆盖率 返修率"
"L10.2","L10","制造测试与认证","可靠性测试","寿命 疲劳 环境 EMC 安全测试","认证周期 故障覆盖"
"L10.3","L10","制造测试与认证","合同制造","EMS 组装 追溯 供应链管理","毛利 良率 资本强度"
"L11","","本体集成与运营","机器人本体","工业臂 协作 AMR 人形和专用机器人","交付 运行小时 毛利"
"L11.1","L11","本体集成与运营","系统集成","工装 产线 场景软件 调试","集成天数 复购 毛利"
"L11.2","L11","本体集成与运营","车队管理","调度 监控 日志 远程运维","利用率 停机 接管率"
"L11.3","L11","本体集成与运营","服务与备件","维保 备件 培训 保险","服务收入 续约 毛利"
"L11.4","L11","本体集成与运营","机器人即服务","RaaS 租赁 按任务收费","回收期 流失率 LTV"
